transcript_id,transcript_position,n_reads,probability_modified,kmer,mod_ratio,genome_pos,chromosome,dist_up_exon_junc,dist_down_exon_junc,region,gene_name,transcript_type
ENST00000215375,787,53,0.934904158115387,GGACT,0.4905660377358491,1244617.0,chr19,303.0,207.0,UTR3,ATP5F1D,protein_coding
ENST00000215375,133,48,0.4114994406700134,GGACT,0.0833333333333333,1241883.0,chr19,133.0,107.0,CDS,ATP5F1D,protein_coding
ENST00000216129,1091,23,0.8454849720001221,GGACT,0.3043478260869565,43167069.0,chr22,1091.0,446.0,CDS,TTLL12,protein_coding
ENST00000221566,1188,35,0.9328876733779908,GGACT,0.6285714285714286,2754746.0,chr19,1188.0,30.0,UTR3,SGTA,protein_coding
ENST00000221566,421,20,0.4708523452281952,GGACT,0.3,2755513.0,chr19,421.0,797.0,CDS,SGTA,protein_coding
ENST00000222329,2631,23,0.3542321920394897,GGACT,0.1304347826086956,42255019.0,chr19,110.0,40.0,UTR3,ERF,protein_coding
ENST00000227507,3664,108,0.9258288741111756,GGACT,0.5277777777777778,69653900.0,chr11,2783.0,573.0,UTR3,CCND1,protein_coding
ENST00000227507,2241,33,0.6645413041114807,GGACT,0.2727272727272727,69652477.0,chr11,1360.0,1996.0,UTR3,CCND1,protein_coding
ENST00000232888,1374,29,0.363804429769516,GGACT,0.103448275862069,51941453.0,chr3,39.0,43.0,CDS,RRP9,protein_coding
ENST00000248879,688,27,0.9644796252250672,GGACT,0.7037037037037037,20315376.0,chr22,101.0,39.0,CDS,DGCR6L,protein_coding
ENST00000248879,889,42,0.957377791404724,GGACT,0.6666666666666666,20319740.0,chr22,60.0,100.0,UTR3,DGCR6L,protein_coding
ENST00000251413,1534,77,0.9866690635681152,GGACT,0.8831168831168831,42615164.0,chr17,321.0,73.0,UTR3,TUBG1,protein_coding
ENST00000251413,505,30,0.2794655561447144,GGACT,0.1333333333333333,42612477.0,chr17,51.0,28.0,CDS,TUBG1,protein_coding
ENST00000251413,264,40,0.6172164678573608,GGACT,0.3,42610469.0,chr17,47.0,120.0,CDS,TUBG1,protein_coding
ENST00000254799,585,35,0.2678945958614349,GGACT,0.1428571428571428,70820277.0,chr4,585.0,4493.0,CDS,GRSF1,protein_coding
ENST00000254799,885,61,0.2855458855628967,GGACT,0.1147540983606557,70819977.0,chr4,885.0,4193.0,CDS,GRSF1,protein_coding
ENST00000254799,933,21,0.7583104968070984,GGACT,0.4285714285714285,70819929.0,chr4,933.0,4145.0,CDS,GRSF1,protein_coding
ENST00000254799,965,45,0.3026874959468842,GGACT,0.1111111111111111,70819897.0,chr4,965.0,4113.0,CDS,GRSF1,protein_coding
ENST00000254799,1721,86,0.990046203136444,GGACT,0.8953488372093024,70819141.0,chr4,1721.0,3357.0,UTR3,GRSF1,protein_coding
ENST00000254799,1625,53,0.7660084366798401,GGACT,0.3962264150943396,70819237.0,chr4,1625.0,3453.0,UTR3,GRSF1,protein_coding
ENST00000258383,699,20,0.6666644215583801,GGACT,0.2,223963796.0,chr2,41.0,137.0,CDS,MRPL44,protein_coding
ENST00000258383,1316,20,0.1781741976737976,GGACT,0.05,223967341.0,chr2,479.0,372.0,UTR3,MRPL44,protein_coding
ENST00000258975,951,27,0.7758716344833374,GGACT,0.3333333333333333,63607870.0,chr17,69.0,494.0,CDS,TACO1,protein_coding
ENST00000262105,2540,20,0.3890283107757568,GGACT,0.2,47974928.0,chr8,195.0,33.0,CDS,MCM4,protein_coding
ENST00000262105,3426,29,0.6223159432411194,GGACT,0.2068965517241379,47977403.0,chr8,718.0,756.0,UTR3,MCM4,protein_coding
ENST00000262225,1321,87,0.5964956283569336,GGACT,0.2413793103448276,123597359.0,chr12,755.0,1222.0,UTR3,TMED2,protein_coding
ENST00000265748,3272,20,0.4144600033760071,GGACT,0.1,36449693.0,chr7,29.0,143.0,CDS,ANLN,protein_coding
ENST00000279281,141,25,0.4763130247592926,GGACT,0.24,65096354.0,chr11,141.0,123.0,CDS,VPS51,protein_coding
ENST00000279281,1689,28,0.4459966421127319,GGACT,0.2142857142857143,65109488.0,chr11,209.0,6.0,CDS,VPS51,protein_coding
ENST00000279281,2030,31,0.1926140934228897,GGACT,0.0967741935483871,65110596.0,chr11,115.0,6.0,CDS,VPS51,protein_coding
ENST00000279281,2283,39,0.9838703870773317,GGACT,0.8717948717948718,65111484.0,chr11,158.0,377.0,CDS,VPS51,protein_coding
ENST00000296412,838,65,0.4305200278759003,GGACT,0.1384615384615385,99071604.0,chr4,838.0,625.0,CDS,ADH5,protein_coding
ENST00000298292,2611,25,0.9343386888504028,GGACT,0.92,49633653.0,chr14,1592.0,365.0,UTR3,DNAAF2,protein_coding
ENST00000311922,1069,40,0.908345341682434,GGACT,0.675,125433480.0,chr8,164.0,128.0,CDS,TRIB1,protein_coding
ENST00000311922,3498,40,0.9873902797698976,GGACT,0.775,125438305.0,chr8,2300.0,97.0,UTR3,TRIB1,protein_coding
ENST00000311922,754,31,0.5317771434783936,GGACT,0.2580645161290323,125431111.0,chr8,754.0,150.0,CDS,TRIB1,protein_coding
ENST00000311922,273,36,0.9891161322593688,GGACT,0.9166666666666666,125430630.0,chr8,273.0,631.0,UTR5,TRIB1,protein_coding
ENST00000311922,352,31,0.9159146547317504,GGACT,0.5161290322580645,125430709.0,chr8,352.0,552.0,UTR5,TRIB1,protein_coding
ENST00000311922,3406,89,0.9771777391433716,GGACT,0.8089887640449438,125438213.0,chr8,2208.0,189.0,UTR3,TRIB1,protein_coding
ENST00000311922,546,31,0.960518717765808,GGACT,0.8709677419354839,125430903.0,chr8,546.0,358.0,CDS,TRIB1,protein_coding
ENST00000326427,430,27,0.3460363447666168,GGACT,0.1111111111111111,230875704.0,chr2,85.0,103.0,CDS,ITM2C,protein_coding
ENST00000326427,453,22,0.2921328246593475,GGACT,0.2272727272727273,230875727.0,chr2,108.0,80.0,CDS,ITM2C,protein_coding
ENST00000335007,301,48,0.5632832646369934,GGACT,0.2083333333333333,110720865.0,chr12,301.0,1184.0,CDS,PPP1CC,protein_coding
ENST00000335007,465,77,0.8393703699111938,GGACT,0.3766233766233766,110720701.0,chr12,465.0,1020.0,CDS,PPP1CC,protein_coding
ENST00000335007,1190,106,0.9763754606246948,GGACT,0.7641509433962265,110719976.0,chr12,1190.0,295.0,UTR3,PPP1CC,protein_coding
ENST00000337392,558,28,0.1989467591047287,GGACT,0.0714285714285714,44977416.0,chr19,74.0,43.0,CDS,CLPTM1,protein_coding
ENST00000338825,330,65,0.1927020847797394,GGACT,0.0923076923076923,38057225.0,chr8,145.0,34.0,CDS,EIF4EBP1,protein_coding
ENST00000340384,368,66,0.4204244911670685,GGACT,0.1818181818181818,137242512.0,chr9,17.0,1194.0,CDS,TUBB4B,protein_coding
ENST00000340384,488,108,0.8799979090690613,GGACT,0.4537037037037037,137242632.0,chr9,137.0,1074.0,CDS,TUBB4B,protein_coding
ENST00000340384,574,104,0.9227344989776612,GGACT,0.5865384615384616,137242718.0,chr9,223.0,988.0,CDS,TUBB4B,protein_coding
ENST00000340513,3033,42,0.995230197906494,GGACT,1.0,31801233.0,chr20,264.0,571.0,UTR3,TPX2,protein_coding
ENST00000350028,1595,24,0.951683521270752,GGACT,0.625,43996432.0,chr22,95.0,96.0,UTR3,SAMM50,protein_coding
ENST00000352482,1395,28,0.9320852160453796,GGACT,0.5714285714285714,63890601.0,chr20,752.0,943.0,UTR3,TPD52L2,protein_coding
ENST00000352482,1333,26,0.987720251083374,GGACT,0.9615384615384616,63890539.0,chr20,690.0,1005.0,UTR3,TPD52L2,protein_coding
ENST00000354675,6112,23,0.9847387671470642,GGACT,0.782608695652174,151356598.0,chr6,872.0,174.0,UTR3,AKAP12,protein_coding
ENST00000356000,1140,32,0.9572992920875548,GGACT,0.8125,63758386.0,chr11,231.0,1504.0,UTR3,RTN3,protein_coding
ENST00000367142,481,27,0.2341054081916809,GGACT,0.037037037037037,205717999.0,chr1,481.0,5176.0,CDS,NUCKS1,protein_coding
ENST00000367142,1510,26,0.9084712266921996,GGACT,0.7307692307692307,205716970.0,chr1,1510.0,4147.0,UTR3,NUCKS1,protein_coding
ENST00000367627,2024,33,0.9948173761367798,GGACT,0.9696969696969696,179095989.0,chr1,1022.0,6.0,UTR3,TOR3A,protein_coding
ENST00000367627,2048,27,0.9935152530670166,GGACT,0.8888888888888888,,,,,,TOR3A,protein_coding
ENST00000368097,1308,49,0.4554727673530579,GGACT,0.2448979591836735,159920339.0,chr1,199.0,8.0,UTR3,TAGLN2,protein_coding
ENST00000368149,2737,33,0.9642025232315063,GGACT,0.696969696969697,129599280.0,chr6,77.0,63.0,UTR3,ARHGAP18,protein_coding
ENST00000368149,2165,32,0.9830248951911926,GGACT,0.65625,129576440.0,chr6,2165.0,307.0,UTR3,ARHGAP18,protein_coding
ENST00000368149,2112,46,0.9538593888282776,GGACT,0.6739130434782609,129576493.0,chr6,2112.0,360.0,UTR3,ARHGAP18,protein_coding
ENST00000368149,1250,21,0.5286036133766174,GGACT,0.2857142857142857,129577355.0,chr6,1250.0,1222.0,CDS,ARHGAP18,protein_coding
ENST00000372839,1532,41,0.9588744044303894,GGACT,0.6097560975609756,44906955.0,chr20,574.0,1576.0,UTR3,YWHAB,protein_coding
ENST00000373062,1210,27,0.1979998201131821,GGACT,0.0740740740740741,37576544.0,chr1,13.0,115.0,CDS,GNL2,protein_coding
ENST00000373062,1979,23,0.4644826650619507,GGACT,0.2608695652173913,37590718.0,chr1,128.0,11.0,CDS,GNL2,protein_coding
ENST00000373062,1383,31,0.516950249671936,GGACT,0.2580645161290323,37582280.0,chr1,57.0,56.0,CDS,GNL2,protein_coding
ENST00000373232,740,126,0.2576938271522522,GGACT,0.1031746031746032,70213529.0,chr10,61.0,65.0,CDS,PPA1,protein_coding
ENST00000373232,662,172,0.3515420854091644,GGACT,0.1976744186046512,70209575.0,chr10,111.0,16.0,CDS,PPA1,protein_coding
ENST00000373365,723,130,0.9841755628585817,GGACT,0.7692307692307693,38676661.0,chr6,723.0,735.0,UTR3,GLO1,protein_coding
ENST00000373365,1205,76,0.7020555138587952,GGACT,0.2894736842105263,38676179.0,chr6,1205.0,253.0,UTR3,GLO1,protein_coding
ENST00000374595,166,20,0.5147221684455872,GGACT,0.35,108942706.0,chr9,166.0,136.0,CDS,CTNNAL1,protein_coding
ENST00000374595,1786,26,0.2063068896532059,GGACT,0.0769230769230769,108984364.0,chr9,73.0,16.0,CDS,CTNNAL1,protein_coding
ENST00000374595,1071,23,0.2764738500118256,GGACT,0.1304347826086956,108970426.0,chr9,69.0,23.0,CDS,CTNNAL1,protein_coding
ENST00000380668,2071,23,0.4920711815357208,GGACT,0.2173913043478261,12823824.0,chrX,1121.0,397.0,UTR3,PRPS2,protein_coding
ENST00000393394,130,662,0.2205787599086761,GGACT,0.0981873111782477,,,,,,,
ENST00000393394,234,441,0.2479971051216125,GGACT,0.090702947845805,,,,,,,
ENST00000394670,2043,41,0.7349262833595276,GGACT,0.3658536585365854,32370188.0,chr17,590.0,11696.0,UTR3,ZNF207,protein_coding
ENST00000396024,536,45,0.2704578936100006,GGACT,0.0888888888888889,60347154.0,chr15,536.0,19.0,CDS,ANXA2,protein_coding
ENST00000405805,2415,28,0.7879064679145813,GGACT,0.3571428571428572,30459119.0,chr13,2415.0,371.0,UTR3,HMGB1,protein_coding
ENST00000432462,526,37,0.7192527055740356,GGACT,0.3783783783783784,,,,,,,
ENST00000450253,2269,84,0.986486792564392,GGACT,0.9047619047619048,98891249.0,chr4,84.0,11.0,UTR3,EIF4E,protein_coding
ENST00000450253,2088,27,0.8865839242935181,GGACT,0.4814814814814815,98887112.0,chr4,81.0,32.0,UTR3,EIF4E,protein_coding
ENST00000450253,2023,44,0.7322670817375183,GGACT,0.2954545454545455,98887177.0,chr4,16.0,97.0,UTR3,EIF4E,protein_coding
ENST00000457309,1885,24,0.7750623822212219,GGACT,0.4166666666666667,100918868.0,chr8,1885.0,288.0,UTR3,YWHAZ,protein_coding
ENST00000470450,1369,48,0.3295479118824005,GGACT,0.1041666666666667,29066939.0,chr21,133.0,47.0,ncRNA,CCT8,protein_coding_CDS_not_defined
ENST00000499810,1901,90,0.9853286147117616,GGACT,0.9222222222222224,138506487.0,chr5,1901.0,391.0,UTR3,ETF1,protein_coding
ENST00000499810,3008,37,0.7878984212875366,GGACT,0.5135135135135135,138513682.0,chr5,25.0,113.0,UTR3,ETF1,protein_coding
ENST00000499810,2750,24,0.2545983493328094,GGACT,0.125,138511517.0,chr5,88.0,41.0,UTR3,ETF1,protein_coding
ENST00000519065,1951,57,0.9734108448028564,GGACT,0.8596491228070176,113939138.0,chr6,1951.0,6109.0,UTR3,HDAC2,protein_coding
ENST00000519065,261,27,0.69962078332901,GGACT,0.2222222222222222,113940828.0,chr6,261.0,7799.0,CDS,HDAC2,protein_coding
ENST00000523944,3348,30,0.556269109249115,GGACT,0.2333333333333333,,,,,,,
ENST00000617731,464,185,0.1552402973175049,GGACT,0.0756756756756757,,,,,,,
ENST00000626223,1417,62,0.586270272731781,GGACT,0.1935483870967742,,,,,,,
ENST00000626223,1746,38,0.9578205347061156,GGACT,0.631578947368421,,,,,,,
ENST00000634960,965,22,0.0544394515454769,GGACT,0.0,,,,,,,
ENST00000634960,1360,24,0.6555292010307312,GGACT,0.3333333333333333,,,,,,,
ENST00000634960,1394,28,0.2423630058765411,GGACT,0.0714285714285714,,,,,,,
ENST00000634960,2171,29,0.2367877811193466,GGACT,0.103448275862069,,,,,,,
